2722918.72079,False,False
1168996.12664,False,False
1294380.63615,False,False
1243064.26479,False,False
944804.439671,False,False
2068243.16016,False,False
3222445.24973,False,False
1512787.42877,False,False
1953430.06993,False,False
1853959.47816,False,False
1566218.84636,False,False
1908079.85318,False,False
3356548.17286,False,False
1890154.65275,False,False
2574360.32875,False,False
1610667.32871,False,False
1374940.99898,False,False
807400.498885,False,False
1808864.04845,False,False
3233420.641,False,False
2432822.38635,1891279.43051,False
2338787.64847,1949769.00661,False
956680.004416,1932883.97502,False
2164462.50177,1978953.88687,False
957845.544591,1979605.94211,False
1744470.63813,1963417.31601,False
3837715.57796,1994180.83242,False
2126186.09587,2024850.76578,False
1908609.88226,2022609.7564,False
1145167.30451,1987170.14771,False
2188566.06798,2018287.50879,False
1546129.29127,2000189.9807,False
2169429.91678,1940834.06789,False
1516219.13681,1922137.2921,False
2370677.32767,1911953.14204,False
1195853.12876,1891212.43205,False
1057953.32759,1875363.04848,False
2709597.82594,1970472.91483,False
1979494.92731,1979004.45877,False
2486167.08604,1941641.78102,False
2692633.79941,1954632.35168,False
2096022.54596,1942494.09655,False
893083.707399,1939314.2817,False
1944447.17667,1928313.51545,False
3425161.76369,2051679.3264,False
2853641.16606,2107137.8528,False
2612816.5738,2045892.90259,False
1993100.64037,2039238.62981,False
1560915.83437,2021853.92742,False
1103326.76577,2019761.90048,False
1730545.21295,1996860.85773,False
2699070.11073,2054507.8987,False
2379737.37317,2065023.27152,False
2783636.63389,2128394.14638,False
1370866.36251,2078403.59812,False
2160826.22531,2126652.25295,False
1954595.08174,2171484.34066,False
1855941.40472,2128801.51959,False
3158704.19508,2187761.98298,False
2640431.03387,2195475.18037,False
2187433.3418,2170215.15749,False
1264923.19072,2128660.18973,False
2818002.10782,2224906.10975,False
2786061.45468,2266986.82365,False
1958719.1149,2193664.69121,False
2635557.86332,2182760.52608,False
2611888.90576,2182714.14267,False
1240308.18437,2145074.51987,False
1676610.16776,2150859.23654,False
2505838.88544,2220984.84253,False
2554759.68895,2262195.56633,False
1552017.27266,2204842.92442,False
3707101.38085,2271211.12481,False
3154555.43698,2289757.06496,False
1601505.11235,2301289.00245,False
3416276.69306,2364061.52584,False
1653777.46365,2349020.64494,False
3034405.31615,2407943.84051,False
2776608.77949,2388839.06973,False
3275054.44974,2420570.24052,False
3465412.12597,2484469.17973,False
2750447.99066,2558745.41973,False
3184549.6908,2577072.79888,False
2463479.38121,2560943.6952,False
4192810.27469,2672648.25319,False
3172533.44477,2699497.03227,False
3635116.43642,2750658.4088,False
3114421.05663,2844364.05241,False
2559728.31592,2888519.95982,False
2290326.82447,2877744.35677,False
3115296.20107,2905771.18238,False
3614053.86981,3008873.01224,False
2592698.86122,2953152.88625,False
3292202.99145,2960035.26398,False
1821202.40916,2971020.12882,False
4314068.89067,3015909.7387,False
2521172.37051,3059279.48404,False
3436836.67477,3079401.05197,False
3589991.64732,3120070.19536,False
2374565.24064,3075045.73491,False
3704480.70432,3086999.16383,False
1476284.52635,3023290.99061,False
4045879.30124,3066357.47113,False
2562192.93774,3071293.14896,False
2937935.36926,3008549.40369,False
3779866.75005,3038916.06895,False
1742515.79124,2944286.03669,False
3161709.36166,2946650.45194,False
1907573.5987,2914042.71608,False
4131000.68145,3006076.40893,False
2513766.73966,2975999.93586,False
3365848.0085,2963589.6428,False
2892766.62451,2978593.03096,False
2610978.82155,2944531.82246,False
3473121.47916,3027127.77597,False
2768534.40975,2949851.05192,False
3834598.37698,3015522.35224,False
2807285.28047,2984044.78253,False
2297022.56248,2919396.32829,False
2523391.94307,2926837.66341,False
3855141.70128,2934370.71326,False
2495507.09862,2985331.84187,False
3375922.22519,2951833.98807,False
3699024.6031,3008675.57133,False
1506323.63637,2937094.98469,False
3771091.90097,2936656.24224,False
2554551.19709,2977258.01253,False
3687233.77817,3003534.23335,False
2477801.75987,3032045.64141,False
3313251.81396,2991158.19804,False
2676302.97371,2999285.00974,False
1310503.36077,2896517.77735,False
3254383.04305,2914598.59828,False
1259403.95256,2847019.85483,False
3616710.20436,2854199.29109,False
2596705.7809,2845607.85965,False
3304989.2028,2819127.40094,False
3337782.20109,2845652.24697,False
2441479.71983,2852875.10484,False
3299776.26549,2891694.32096,False
1737066.25835,2785790.54881,False
4202281.69222,2871129.27849,False
1795871.55989,2792126.74523,False
3007275.21916,2757539.27603,False
1558712.1194,2760158.70018,False
2878903.29261,2715549.26976,False
2904233.40681,2733033.38025,False
3273260.05691,2712334.69419,False
3821958.06887,2779542.50964,False
1054627.26242,2666611.28206,False
3340112.48973,2699801.75786,False
2721120.21186,2770332.60042,False
3449121.71184,2780069.53386,False
2146415.20393,2824420.09642,False
3360254.7515,2811597.32378,False
3569620.42799,2860243.05614,False
1204300.13626,2755208.60281,False
3550759.13417,2765857.44946,False
2029426.24639,2745254.77579,False
2271268.01963,2693829.3635,False
2124151.51891,2713183.62652,False
3608132.76567,2683476.1802,False
2894867.49232,2738425.97682,False
2360692.64508,2706096.84811,False
3180389.20513,2787180.7024,False
1408803.76207,2713675.72587,False
3529784.18499,2744953.26478,False
1481226.59356,2655351.59162,False
2892688.31455,2608888.1039,False
3231476.75227,2717730.57839,False
2843531.89517,2692901.54866,False
2689930.8486,2691342.0805,False
2179271.77756,2627849.58379,False
22516004.629,3646329.05504,True
80890962.5642,7522864.44567,True
79641745.7636,11326470.7125,True
59784884.0892,14255499.9101,True
79953581.0988,18075641.0083,True
59832229.7507,20965781.1835,True
81072646.3766,24905850.1014,True
79487432.3191,28774014.1414,True
71601887.4706,32173701.8767,True
80068061.2156,36032361.5628,True
45932825.8111,38210968.2211,True
53570260.8307,40730461.8024,True
2629615.98973,40791502.4138,True
3088976.90487,40769462.0498,False
3014391.86403,40846120.3133,False
2783194.75675,40840645.6354,False
3029010.44909,40830522.3202,False
2026198.98305,40789655.6746,False
3596976.95661,40835007.98,False
1128041.52844,40782446.4676,False
2803395.1786,39796815.9951,False
2434404.22786,35873988.0782,False
2681087.09318,32025955.1447,False
2455377.49878,29159479.8152,False
987512.02309,25211176.3614,False
2699633.10792,22354546.5293,False
762632.849154,18339045.8529,False
1691658.40944,14449257.1574,False
2384787.52461,10988402.1601,False
2818850.93107,7125941.6459,False
2219549.06697,4940277.8087,False
1118747.40207,2317702.13727,False
2104788.25606,2291460.75058,False
1132611.74005,2193642.49234,False
2143346.28521,2150090.2134,False
1441367.64991,2082998.85806,False
1718712.57672,2017483.96444,False
1793814.414,2005864.73599,False
1969009.31766,1924466.35404,False
1884859.62891,1962307.25906,False
1378466.99703,1891060.84998,False
2255976.63817,1882139.4705,False
1738080.28832,1834989.13026,False
1770646.08896,1800752.55977,False
1480128.02084,1825383.35965,False
1814520.31422,1781127.71997,False
2546077.8327,1870299.96915,False
1815681.6522,1876501.13128,False
2233535.20671,1868938.51539,False
946964.64689,1775344.20118,False
1401163.83447,1734424.93955,False
1457899.20845,1751382.52987,False
2133960.97268,1752841.1657,False
1819035.86739,1787162.37207,False
2073969.38879,1783693.52725,False
1882078.55526,1805729.07252,False
1088858.25271,1774236.35632,False
1730569.29937,1771074.10059,False
1083924.93995,1726819.8817,False
2027757.19252,1733964.75988,False
1126948.65148,1721388.8426,False
2211687.28259,1719174.37482,False
1451528.70112,1704846.79546,False
1466603.28914,1689644.65547,False
1555518.15283,1693414.16207,False
868144.172194,1646095.35497,False
2508325.06801,1644207.71674,False
1029982.36745,1604922.7525,False
1582542.17859,1572373.10109,False
1569060.9003,1603477.91376,False
1922902.11855,1629564.82797,False
1022262.98642,1607783.01687,False
1550633.23664,1578616.63006,False
2472443.57871,1611287.01563,False
778844.419618,1546530.76717,False
1511863.50531,1528020.01467,False
1107007.55658,1528927.47987,False
2098952.07014,1547346.61841,False
949092.079494,1540604.97538,False
1834050.86218,1530919.65887,False
1706417.62626,1559893.10761,False
808854.671704,1489751.47706,False
1876024.73388,1510976.2787,False
876396.642555,1481465.94637,False
1928316.3391,1500105.85569,False
937640.238459,1503580.659,False
2010923.56778,1478710.58399,False
1895842.69815,1522003.60052,False
1417301.26899,1513741.55504,False
1218992.78524,1496238.14929,False
852726.778161,1442729.38227,False
1928724.46642,1488052.45627,False
1420601.35014,1481550.86194,False
2264054.45572,1471131.40579,False
1854384.1141,1524908.39052,False
1570262.75752,1527828.35313,False
1153619.65721,1530158.95816,False
1723960.66103,1511409.3877,False
2350534.51711,1581481.50959,False
1524875.19672,1566022.72631,False
1971956.68559,1579299.67928,False
1008851.27241,1589299.50931,False
1844593.74905,1587727.96007,False
847351.285292,1586275.69221,False
2457327.31149,1612726.24083,False
2599865.78056,1695837.51793,False
1462033.82025,1668393.03056,False
1894503.10041,1668326.05067,False
830442.219464,1638983.09819,False
1443524.78833,1650209.69835,False
1415526.3457,1678349.67673,False
2605753.24541,1712201.11568,False
2904856.63493,1786413.87991,False
1780995.13888,1762260.91407,False
1910960.60528,1765089.73863,False
1092052.34042,1741179.21778,False
2006956.07655,1783846.03874,False
2620548.77748,1828675.44457,False
2948163.13333,1858556.87538,False
2851140.90128,1924870.16061,False
2627051.13378,1957624.88301,False
1849938.77445,1999679.25812,False
2010308.79471,2007965.0104,False
1719600.76512,2051577.48439,False
3057570.8634,2081589.66199,False
2383091.23929,2070750.93492,False
2116858.35895,2103492.16186,False
2505846.21929,2134059.3178,False
1545621.5251,2169818.28308,False
3611619.73358,2278223.03035,False
2656038.91345,2340248.65873,False
2844284.24291,2352175.20861,False
2799162.73131,2346890.51343,False
1380991.68101,2326890.34053,False
3254736.36042,2394079.12829,False
1716069.10433,2425279.96649,False
3483565.22206,2499110.42376,False
2540297.60653,2495097.86521,False
2841459.66431,2489762.69176,False
2845555.05524,2489483.39946,False
1495368.54142,2432899.26984,False
2998355.05184,2490320.08371,False
2636988.08122,2521654.04804,False
4064723.93439,2638910.2065,False
2860803.58671,2629071.84267,False
3245138.37584,2672174.1995,False
3184830.39567,2725572.80133,False
2407308.60517,2720645.92063,False
2639068.03744,2775318.24624,False
3239936.84275,2756734.1017,False
2762564.5683,2762060.38444,False
2869163.65703,2763304.35515,False
2974466.97738,2772069.56745,False
2675424.23229,2836791.19502,False
3265340.2724,2837321.39062,False
2242599.79133,2863647.92497,False
2130254.90689,2795982.40921,False
3640363.4163,2850985.6997,False
3093569.18201,2863591.17558,False
3904828.00879,2916554.82326,False
1901078.9553,2936840.34395,False
3752895.8253,2974567.38262,False
1571681.06263,2921302.0317,False
3237081.85574,2879919.92776,False
3443581.58048,2909058.82745,False
1770318.71325,2835317.84432,False
3393557.33187,2845754.19113,False
1834312.60114,2817104.39093,False
3410160.4842,2855659.01327,False
3178746.20055,2852599.48116,False
3756109.64866,2902276.73518,False
2532861.08067,2885461.60636,False
2422428.71145,2857859.69306,False
3843814.32626,2916279.19776,False
2566555.37359,2881339.95282,False
3941577.15737,2966288.82112,False
3015749.0995,3010563.53075,False
3104728.88416,2983781.80415,False
3103231.20005,2984264.90505,False
3029801.65253,2940513.58724,False
2770169.46267,2983968.1126,False
3155612.81231,2954103.96195,False
4024098.25106,3076724.82138,False
3645646.91207,3097153.07419,False
3728706.64616,3111409.32748,False
2210905.22948,3133438.65329,False
3727657.65794,3150143.66959,False
2462030.14769,3181529.54692,False
3459284.51705,3183985.74856,False
3716829.62238,3210889.91965,False
2287045.34436,3137436.70444,False
2945389.89521,3158063.14517,False
1820912.71709,3127987.34545,False
3429727.14613,3107282.98644,False
2776885.37339,3117799.48643,False
3558109.66905,3098626.11201,False
3432211.2777,3119449.22092,False
1722734.68491,3050349.51096,False
3639892.21218,3077182.56157,False
1274622.01737,2989423.57981,False
3940557.03998,3047942.95868,False
2491562.14917,3014740.42552,False
3642819.58902,2995676.49242,False
1392180.51837,2883003.17273,False
2343787.62313,2813757.22158,False
3393867.51567,2872905.33589,False
2170386.40015,2795041.773,False
4069776.45843,2875429.08854,False
1900890.27274,2797509.37632,False
2453548.12439,2734345.30142,False
3033240.29151,2771655.04878,False
2769411.59778,2762856.13391,False
2628554.12801,2803238.20445,False
3366875.07327,2800095.60081,False
3766061.95831,2849554.43006,False
2250727.34115,2784185.31366,False
3742692.55656,2799709.3776,False
2407672.33603,2833956.26016,False
3678665.10811,2835894.90496,False
2127913.53984,2878559.48108,False
3612868.98694,2862175.07843,False
3397089.52697,2907451.44732,False
1304716.58812,2790546.29727,False
3092417.79488,2875558.1611,False
1743936.5479,2845565.60734,False
3641356.36056,2857940.04958,False
2032755.29514,2851058.49433,False
2810341.74045,2788086.75843,False
3202223.971,2853153.44335,False
1785868.96637,2819769.48544,False
3181255.81387,2827170.26156,False
1448091.94282,2761104.27881,False
2455157.63452,2752434.45414,False
2018813.43124,2685031.37204,False
3391988.50179,2666327.69921,False
3038654.06693,2705724.0355,False
2743197.92525,2655749.30394,False
3606416.18958,2715686.49661,False
1705485.53372,2617027.51789,False
3559859.66982,2688624.82439,False
1667450.32106,2591353.8911,False
3106078.78905,2576803.3542,False
2031145.7461,2613124.8121,False
3022578.09719,2609632.82722,False
2455083.24631,2645190.16214,False
2914029.21676,2608823.80495,False
3727681.18708,2693570.09955,False
1284562.78411,2617281.15173,False
3112315.5771,2612785.73203,False
2993439.27135,2673164.24728,False
3117545.02406,2669978.70779,False
2118977.8911,2703523.00521,False
2979957.70308,2729763.00863,False
3360424.04152,2796843.53915,False
2481829.03953,2751335.56604,False
3480979.11045,2773451.81821,False
2254709.39017,2749027.39146,False
3731963.91256,2755304.77761,False
1803704.3332,2760215.71758,False
2937684.9198,2729106.98008,False
2519112.30295,2771690.07917,False
2787198.75488,2755746.07746,False
3401091.51102,2824243.36571,False
1179228.81631,2732075.90167,False
3518479.51518,2785245.71511,False
1849344.9196,2732011.50025,False
2922966.15105,2691775.74845,False
1673073.19904,2711201.2692,False
3081245.61317,2709647.771,False
2760609.99666,2698006.30727,False
1811090.01685,2632683.55691,False
3267966.62863,2690132.99378,False
951948.664884,2588732.54187,False
2122361.92913,2526829.43625,False
2788188.98268,2542147.43341,False
2657278.26732,2500962.39125,False
2232715.51286,2499862.69739,False
2822858.20585,2454407.41205,False
1960900.36841,2462267.21381,False
1364687.89982,2383617.36281,False
2334573.54381,2374390.42486,False
2109378.93872,2340499.43405,False
2824476.69733,2311668.69337,False
1487978.86462,2327106.19578,False
1549377.51517,2228651.09578,False
2251421.18288,2248754.90894,False
1579143.72532,2181563.78766,False
1999488.81108,2197884.56826,False
1741435.15363,2130894.04528,False
1850512.74333,2085389.18262,False
1195514.50888,2054610.40722,False
1278686.76848,1955146.41421,False
1532781.56909,1984188.05942,False
1886344.17867,1972387.1719,False
1824240.16145,1924189.73084,False
1360054.06131,1859328.52054,False
1665675.11039,1830976.50041,False
939657.36703,1736816.45847,False
2070209.24095,1742281.9021,False
783210.775472,1713208.04588,False
2012828.625,1697120.79994,False
1768059.62334,1680054.83417,False
857142.286377,1581688.11362,False
1952534.66245,1604915.90352,False
869909.29672,1570942.49259,False
2647145.09622,1590728.68826,False
1865189.64675,1605030.98433,False
1940666.47353,1602089.86745,False
1563448.22284,1593190.52091,False
1475397.84687,1574434.77609,False
1577529.34457,1593535.51788,False
1129794.95733,1586090.92732,False
2299247.05812,1624414.20177,False
937617.263835,1576977.85603,False
1814218.33088,1576476.7645,False
1090347.09359,1562991.41611,False
2008235.12134,1580119.41666,False
1096777.5809,1587975.42735,False
1803955.86271,1574662.75844,False
2603472.81359,1665675.86035,False
723948.177024,1601231.83795,False
1821341.61428,1603895.9375,False
1847460.00123,1653411.82324,False
2069898.307,1659280.00547,False
834950.522395,1657532.06675,False
1993947.46313,1624872.1851,False
1586449.58835,1610935.18218,False
740912.918007,1550947.5044,False
1795134.77213,1562531.83186,False
1561028.31255,1566813.35515,False
2008267.16606,1588350.24622,False
637238.605419,1563722.42863,False
1715396.13951,1534529.8827,False
1912407.80413,1583269.40971,False
1463178.76295,1565717.43131,False
1291602.59437,1575780.20635,False
792334.483131,1514985.17444,False
2353316.83171,1577812.13698,False
1287852.55342,1552006.97152,False
2180193.91374,1530843.02653,False
1262578.42565,1557774.53896,False
1878311.39322,1560623.0279,False
1047773.83727,1520638.71971,False
1379997.29218,1486143.66897,False
2573780.49933,1573085.16781,False
872462.39095,1517010.9142,False
1828642.918,1529120.58069,False
922764.265174,1538213.14804,False
1844281.71397,1540670.49514,False
971274.088095,1511182.78391,False
2037510.53081,1512644.95215,False
2716411.47608,1616603.59568,False
1145759.63819,1588121.77062,False
2522646.47824,1618633.70432,False
908812.347863,1590915.38357,False
1521629.1081,1602416.70926,False
1661932.78095,1645896.62415,False
2301964.36295,1643329.00071,False
2347257.6661,1696299.25634,False
1531316.9032,1663855.40582,False
1611082.2535,1681280.59721,False
1203975.391,1647563.7971,False
1855240.40184,1687937.12533,False
1564717.13049,1697173.11724,False
2447554.17771,1690861.80116,False
2473508.96869,1770914.13005,False
2052477.38283,1782105.85329,False
1492017.09418,1810568.49474,False
1987869.55324,1817747.8867,False
2022954.2948,1870331.89704,False
2383848.45774,1887648.79338,False
2148112.34169,1859233.83666,False
1828620.12226,1893376.86087,False
2618433.28576,1898166.20124,False
1324698.69103,1918960.5184,False
3920191.39386,2038888.63269,False
2316593.38968,2071621.66313,False
3136521.47002,2113349.51848,False
2789384.55369,2135455.86286,False
971610.613699,2107470.54839,False
3050609.58239,2179446.91483,False
1834022.09215,2210949.24989,False
3190313.36177,2277702.89788,False
2987850.34513,2348859.55862,False
3290217.78374,2390992.73892,False
3263286.9088,2430481.63592,False
2419670.60199,2448841.29688,False
2487285.19639,2498604.70199,False
2374325.6181,2517927.50523,False
3796224.37103,2606591.00905,False
3210694.15304,2647933.29381,False
3294810.37135,2705268.19529,False
2717516.33668,2749713.00601,False
3288494.87294,2783216.08537,False
2675157.97176,2850739.04941,False
2200762.31632,2764767.59553,False
3210370.49437,2809456.45077,False
2441823.98798,2774721.57667,False
2677471.08883,2769125.90342,False
1984182.85101,2819754.51529,False
3166300.71432,2825539.07188,False
2351377.91721,2851406.86314,False
2741618.66773,2828972.12844,False
3339131.52868,2846536.18761,False
2542556.53662,2809153.12526,False
3620990.73237,2827038.31644,False
1330797.75574,2772594.67412,False
3547730.48521,2825616.93856,False
1639716.96215,2788886.50577,False
3521498.68547,2775150.22149,False
3568791.0816,2793055.06792,False
1488808.19322,2702754.95901,False
3419283.76984,2737843.33067,False
1571244.11437,2651980.79274,False
2977611.39937,2667103.46412,False
3251768.06529,2719653.75157,False
3477482.42637,2733009.34817,False
3489973.24097,2785416.81082,False
2458134.76021,2774449.99439,False
2940839.09516,2822282.80659,False
2595162.09373,2793725.87557,False
3944612.34558,2873387.59698,False
3500244.7509,2911318.90114,False
3542268.845,2921475.76696,False
2406976.12418,2914696.74634,False
3390442.41797,2903169.33062,False
2878070.053,2980532.94548,False
2354991.08146,2920895.97529,False
3871608.8439,3032490.56938,False
2569333.41681,2984882.30595,False
3339540.7967,2973419.7917,False
2021618.50056,3000060.30707,False
3507599.46624,3004476.09189,False
2475432.12759,3049685.49255,False
3341893.74828,3067899.60999,False
3191238.1396,3064873.11371,False
2277962.83286,3004897.13403,False
2635101.61269,2962153.55262,False
1495606.07694,2914027.11846,False
3966666.42419,2965318.48491,False
2782385.61559,2974679.661,False
3836581.82728,2969278.13509,False
2924046.77993,2940468.23654,False
1034594.89411,2815084.53899,False
3624847.97923,2875978.13175,False
1289117.25108,2770911.8734,False
3802834.39159,2817150.09033,False
2797097.34525,2839255.40352,False
3542938.08719,2822821.86569,False
2039707.44619,2796340.56715,False
2574754.7848,2758101.26656,False
3481786.31232,2831109.65715,False
1912982.53993,2751378.81083,False
3999613.95189,2827587.90205,False
2442432.28053,2782614.82866,False
2209872.9651,2733546.56993,False
3114465.4195,2775371.69927,False
3155691.16875,2801401.17707,False
2936366.75164,2873439.2108,False
2451613.14502,2797686.54685,False
3819624.74698,2849548.50342,False
1773374.92527,2746388.15831,False
2877146.83413,2744043.16102,False
2559924.92231,2820309.66244,False
3729039.67846,2825519.2474,False
2668515.25567,2894489.14763,False
3858046.58075,2897249.75708,False
3065206.0503,2910655.19234,False
1152755.46493,2791146.06122,False
3474480.11064,2862884.69445,False
1688264.39222,2818560.17482,False
3758208.77672,2832381.29804,False
2351740.96181,2854319.21913,False
3292290.87473,2818953.06527,False
2757937.11473,2834728.30698,False
1457514.96145,2797110.4068,False
3714706.61805,2827122.46673,False
1437471.78994,2741211.49779,False
3652923.75902,2777039.34816,False
1792476.44408,2744082.51311,False
3488099.79489,2727506.2655,False
3160042.39878,2796839.63918,False
2439297.01636,2774947.14829,False
3271758.17228,2810538.81079,False
1682056.01906,2708189.62782,False
3927589.49775,2771143.33992,False
1518293.40286,2654155.68103,False
3120723.76726,2656931.56688,False
3471815.80987,2772884.58412,False
3260675.02163,2762194.32967,False
2261598.43375,2790861.03175,False
1826601.14527,2694280.65018,False
3308257.5858,2742106.48138,False
863889.618401,2620686.41856,False
3217786.50735,2643678.88819,False
2990262.61115,2720316.27068,False
2089132.82089,2639037.58082,False
2824415.71442,2708384.77704,False
2668086.68084,2659142.92314,False
2716942.61028,2705366.23145,False
1008217.22387,2581372.10289,False
2957497.18995,2571244.84245,False
1909620.31567,2544761.00742,False
3543386.8749,2558342.44255,False
2236887.67875,2586084.02553,False
3497261.75176,2564567.63823,False
2709891.92337,2624147.56426,False
1496284.98068,2542925.62493,False
3442020.55314,2541435.86209,False
1947671.31915,2475785.67697,False
3555898.33039,2540500.6718,False
2112585.26806,2554799.87794,False
3253304.98677,2552052.24799,False
3052314.71642,2661473.50289,False
3324173.2375,2666792.8394,False
2747731.36057,2654666.27687,False
1156077.82443,2608013.52705,False
3346770.45465,2634131.26406,False
1479053.82803,2574679.62142,False
2815970.344,2579631.0081,False
2233759.85456,2640908.13964,False
2887641.73608,2637415.36694,False
2521518.10717,2668010.25652,False
1202235.98346,2550952.71195,False
2867600.34078,2582488.34505,False
1203381.68002,2467794.34146,False
2259334.42269,2445266.46643,False
1846668.56129,2462785.64546,False
2474874.43323,2414428.33946,False
1946953.83152,2414392.46508,False
1863602.77552,2329777.68734,False
1578257.30995,2303061.28943,False
1055847.49691,2193188.41494,False
2008939.26206,2141019.64222,False
2130520.18146,2081336.98942,False
2397038.21988,2063802.33238,False
1426012.18585,2077299.05045,False
1303299.27391,1975125.49142,False
2814117.20449,2041878.66024,False
1048136.70991,1953486.97854,False
1997685.9909,1941683.28535,False
1452921.30232,1869947.26367,False
1864992.75957,1837120.99628,False
1644947.89294,1859256.59176,False
2203988.72448,1826076.01094,False
3093234.77723,1920568.6658,False
1952734.92837,1905238.69109,False
1652869.2825,1895548.72715,False
921325.0736,1817871.25917,False
2037089.01837,1822378.01851,False
1251236.41118,1791759.70029,False
2298861.94845,1827789.93222,False
2636848.2205,1906839.9684,False
1964981.3381,1904642.0722,False
1534875.70378,1874859.84832,False
899437.567003,1799979.81567,False
2266184.89205,1841988.45098,False
1055976.52758,1829622.31367,False
2542562.08504,1816044.55769,False
1274952.71256,1827385.35783,False
1662432.45204,1810622.68088,False
1680149.03813,1821984.06767,False
1618221.75901,1809645.51764,False
1352900.08925,1795043.12746,False
787935.857327,1724240.4841,False
2154317.06688,1677294.59859,False
774384.727381,1618377.08854,False
2287022.02297,1650084.72556,False
1543283.64508,1681182.65413,False
1698287.72711,1664242.58957,False
1155588.26153,1659460.18209,False
1466841.94646,1617859.18199,False
1579613.93624,1564997.46778,False
689166.502725,1501206.72601,False
1961944.3245,1522560.15704,False
1418734.38553,1548524.99797,False
2128387.21227,1541635.11398,False
773725.75376,1527522.57529,False
1246994.32065,1462744.18707,False
1906515.69643,1494322.33626,False
947877.061678,1458594.56674,False
1692947.40806,1459234.48524,False
1120978.52397,1434372.32349,False
1957375.00839,1464596.06945,False
937624.040101,1472080.47859,False
2077512.20708,1468240.2356,False
2355574.98895,1547299.74867,False
951595.058535,1480528.40045,False
1858761.76353,1496302.30637,False
736869.730066,1448231.40652,False
2394688.92185,1510186.43954,False
786188.931599,1476153.7888,False
2042552.53314,1499300.71864,False
1843942.38414,1557039.51271,False
1541061.48954,1535995.37096,False
1310474.05881,1530582.35463,False
1274086.7173,1487867.32988,False
2545866.72154,1576474.37827,False
942098.516004,1561229.58804,False
2219961.65598,1576901.88601,False
1419019.40724,1600459.00329,False
2039476.13513,1617785.43964,False
794558.576428,1601464.44227,False
1688739.55393,1588032.66954,False
2382178.76762,1660260.40592,False
1242202.34756,1618494.91294,False
2188241.07032,1610128.21701,False
1233616.08715,1624229.26844,False
1918228.26638,1627202.59359,False
1655821.34734,1673150.17445,False
2719994.55471,1689415.45609,False
2510528.16655,1775632.41784,False
1430013.22295,1745005.45233,False
1358109.83744,1720713.825,False
1100470.10712,1698684.25587,False
1847575.10663,1725539.30827,False
1232710.90974,1723470.51789,False
3023166.74082,1747335.51885,False
2601008.522,1830281.01915,False
1479320.86186,1793248.97945,False
2065921.83272,1825594.10072,False
1265236.62096,1786882.12501,False
2383786.20722,1866343.50655,False
2626744.0923,1913243.73347,False
2902125.75866,1939241.08302,False
2838668.80882,2019064.40608,False
3038887.01101,2061596.70312,False
1718171.27932,2085824.46273,False
1888816.08058,2084353.85344,False
1781871.5791,2090656.36503,False
2882206.46513,2098766.96055,False
2769774.30671,2111729.26756,False
1746507.05861,2127553.95934,False
3006881.0728,2209992.52111,False
1980239.62257,2253980.99688,False
2556514.24603,2289427.95385,False
2365342.46902,2346059.53181,False
3758088.7167,2382805.63061,False
3017087.7015,2403609.58958,False
1446729.01884,2401979.99743,False
3263231.78145,2461845.49487,False
1318418.27109,2464504.57737,False
3318322.45103,2511231.38956,False
2636592.23443,2511723.79667,False
2753876.47626,2504311.33255,False
3067309.44689,2515743.36445,False
2005377.05047,2464067.86643,False
3325261.5857,2544422.38174,False
1643332.68404,2532148.21192,False
3999329.03141,2643021.08453,False
3233185.42708,2660570.03263,False
2048551.58042,2624508.89632,False
3150533.06557,2694710.19666,False
2181289.01008,2653430.59353,False
2609267.78071,2684882.00143,False
2674692.3951,2690790.90889,False
4417165.59518,2793382.0652,False
3266426.49933,2768798.95433,False
3284895.53345,2782189.34593,False
3020727.74192,2860889.28208,False
2348877.35237,2815171.56063,False
2936710.75541,2896086.18484,False
3407452.27582,2900542.67608,False
3617971.80076,2949611.6544,False
2910414.12694,2957438.53693,False
3404265.3943,2974286.3343,False
2490664.50207,2998550.70688,False
3008695.02813,2982722.379,False
2689553.10951,3035033.40028,False
3291171.78972,2999625.53819,False
3637729.66362,3019852.75002,False
3344202.95177,3084635.31859,False
3969731.2545,3125595.22804,False
2324367.51268,3132749.15316,False
4005786.3231,3202575.08028,False
2114954.52233,3174588.18665,False
3532330.81242,3130346.44751,False
3199328.11826,3126991.52845,False
1903694.93337,3057931.49845,False
3357133.67643,3074751.79517,False
1623890.34438,3038502.44478,False
3543449.79938,3068839.39697,False
2592333.63581,3028083.46497,False
3036175.57474,2998993.65367,False
3072479.30088,3007096.91237,False
2338907.74033,2953829.02967,False
3836877.54066,3021139.6816,False
1446444.97329,2943027.17886,False
3761845.85209,2996641.81599,False
2820765.72439,2973121.51272,False
3636807.78221,2973075.41865,False
2580613.1251,2934895.92732,False
2184878.2152,2845653.27535,False
3194668.1628,2889168.30786,False
2324472.96861,2805102.64013,False
3021926.65601,2850451.24682,False
2843568.12623,2816013.11251,False
3147203.86513,2813406.89985,False
3131636.82727,2874803.99455,False
2274877.72978,2820691.19721,False
2913258.17464,2885159.58873,False
2513601.56936,2833667.17723,False
3933449.87176,2900722.98902,False
2187408.74219,2858284.6474,False
3059580.47179,2857639.70594,False
3155275.29713,2898458.08378,False
3391105.70736,2876169.49212,False
2172835.57979,2912489.02244,False
2490578.39174,2848925.64942,False
3628118.05442,2889293.26593,False
2096888.00694,2812297.27716,False
3630442.61125,2864788.75147,False
2344732.1125,2872781.44633,False
3643546.37443,2895225.35692,False
2275868.10217,2892795.11359,False
2722475.39152,2877822.55037,False
3096634.09987,2890475.84905,False
1080782.437,2787154.77765,False
3112260.37479,2786185.95502,False
2472570.36408,2796070.58674,False
3657065.33637,2833260.94482,False
2169917.44868,2816076.73879,False
3233384.05322,2781073.44786,False
2687752.98856,2806090.66018,False
1355274.69168,2720875.37117,False
3399519.74948,2733087.59379,False
1520564.27217,2639560.52203,False
3618903.90086,2711863.93809,False
2070510.10986,2690860.52399,False
3695147.47384,2694211.99496,False
2118163.73534,2695275.78138,False
1962131.10561,2611860.2061,False
3340467.9238,2661646.99667,False
1548483.54537,2556893.85521,False
3666816.61049,2626441.28063,False
1901941.66848,2585414.59448,False
1992585.90621,2530212.18479,False
3135295.93047,2632937.85947,False
3268766.10732,2640763.14609,False
3054073.07874,2669838.28183,False
1482535.09699,2561111.76986,False
3790192.99822,2642125.54734,False
982250.825949,2529568.88597,False
2933105.46455,2541836.50977,False
2960170.48323,2622081.29935,False
3302603.97476,2617235.51061,False
3207840.76151,2701599.33508,False
2057270.72851,2623517.67646,False
2187801.07674,2629382.22481,False
1394497.15502,2514349.70886,False
3080853.91503,2562484.21785,False
3285611.74259,2628658.2497,False
3836088.45463,2653439.27624,False
2874419.52203,2719736.07507,False
2710699.62258,2671930.22568,False
2529856.1073,2703325.94762,False
1327044.10015,2670048.85732,False
3288088.76623,2677688.4991,False
2634496.43122,2645975.0153,False
4177472.55921,2702144.98932,False
2471965.51855,2751616.5104,False
2702315.18205,2697222.61959,False
3425882.93357,2819404.22497,False
1391406.95022,2742319.29926,False
2521360.01549,2720378.77587,False
1056228.66126,2608060.01019,False
3534382.20129,2624387.08218,False
1854310.1283,2614239.05217,False
3055963.44173,2657647.17042,False
3188197.4969,2747332.18752,False
2303022.61259,2708440.62239,False
2210252.16035,2654672.64328,False
1038978.42589,2514817.14184,False
2813785.51676,2511785.44158,False
1351636.04568,2443832.26274,False
2487012.95598,2441690.10517,False
2581572.71239,2504416.53578,False
1888738.66227,2434449.03058,False
2362506.76031,2420849.54704,False
735327.10779,2248742.27447,False
2356228.15286,2242955.40618,False
1217907.77852,2168735.03601,False
2386819.27523,2116781.85309,False
1597079.83887,2127065.49752,False
2096112.73911,2105803.1337,False
1855430.59434,2145763.23036,False
924536.257091,2015270.93315,False
2168053.00603,2030958.07704,False
838245.403792,1920072.17514,False
1733963.88476,1847360.49453,False
2417432.50169,1853080.98899,False
1990604.14581,1842098.58826,False
1755842.63796,1877941.79886,False
1244670.78169,1799486.06211,False
2107580.18053,1837283.26885,False
777966.793067,1751830.96071,False
2255126.26437,1735508.63831,False
1092253.46146,1695684.37826,False
1617580.43749,1658438.06212,False
1739091.14816,1708626.26414,False
1779294.73352,1679779.59318,False
2906040.32116,1764186.22031,False
1642489.21072,1726969.71708,False
2136611.51958,1753946.30112,False
1107078.72044,1704494.60018,False
1774335.40532,1700439.84073,False
1652400.06741,1736833.03125,False
1827586.45295,1719809.70359,False
1385460.61108,1747170.46396,False
1653541.42041,1743149.34074,False
2367685.81262,1740662.00629,False
851999.919429,1683731.79497,False
1508985.65995,1671388.94607,False
1665507.28057,1692430.77101,False
1883301.66764,1681216.84537,False
995758.523868,1692106.43191,False
1904268.22743,1674563.53006,False
2391570.20147,1739529.36706,False
760559.228034,1696678.30659,False
1366037.73785,1678025.63607,False
1191724.45895,1648647.12234,False
2147497.25284,1610719.96893,False
1237133.31952,1590452.17437,False
2164260.95243,1591834.64601,False
1753074.64213,1624134.4421,False
1072976.44236,1589066.49395,False
1596829.92524,1586287.98684,False
654702.14344,1527643.77136,False
2127856.32347,1564763.55698,False
1019760.95057,1533074.53349,False
1453209.70328,1487350.72802,False
1801884.99958,1534844.98203,False
1647636.4013,1541777.5191,False
1305372.08543,1523770.75934,False
814127.580437,1470312.05498,False
1950612.945,1518054.77604,False
1027298.84268,1474206.3068,False
2319131.54943,1470584.3742,False
1597589.4102,1512435.88331,False
2036052.0939,1545936.60111,False
1064074.0704,1539554.08168,False
1328122.46557,1498585.34232,False
2338237.27489,1553640.54009,False
927788.2223,1491816.90358,False
2372323.54974,1522779.34896,False
1206314.89968,1529446.27183,False
1960837.19772,1547646.63545,False
900235.960096,1559923.32628,False
2063302.04333,1556695.61228,False
2260874.05077,1618751.26729,False
1212881.68699,1606734.86647,False
1670899.09409,1600185.5712,False
684065.830538,1552007.04266,False
1786674.2623,1576072.1515,False
1407773.91139,1605754.46805,False
2203313.91787,1618389.51669,False
2316843.47684,1682866.7484,False
1494421.55053,1641631.24846,False
2053960.76661,1664449.81628,False
850378.631095,1605166.14314,False
1970246.20156,1650474.7497,False
1601128.74309,1664125.06357,False
2400913.7028,1667258.88497,False
2162801.22758,1729009.53523,False
2080773.27892,1714432.02169,False
1495435.36643,1728888.04503,False
1373805.13501,1699536.44189,False
1880377.43895,1748543.51583,False
2099464.88553,1750351.65794,False
2666218.82237,1770618.89652,False
2249592.80818,1822454.45258,False
1796521.31464,1828735.56361,False
2006863.39369,1894875.44177,False
2360726.69173,1923578.06324,False
1792894.47892,1942834.09162,False
1420502.95377,1903693.54341,False
2750131.39282,1925357.93921,False
2242797.56623,1962776.74,False
3094795.59448,2014818.48139,False
1696150.22902,2057107.06129,False
2923034.28447,2104746.46543,False
2248983.04785,2137139.18067,False
3406684.76341,2187427.7337,False
2414656.99552,2200020.5221,False
2226645.13397,2207314.11485,False
3282456.63466,2296665.17826,False
1511302.60072,2303540.05155,False
3449605.29153,2382001.44418,False
2368977.45402,2395477.0726,False
2847624.44499,2404547.35373,False
2819588.03644,2433047.11514,False
1540208.56881,2420231.47785,False
3307414.22455,2485259.0194,False
1502332.18735,2442339.29418,False
3891371.68252,2547263.15436,False
2865492.1482,2619512.61408,False
3382951.27172,2651153.60802,False
3322245.41852,2705126.00064,False
1606370.71006,2630704.75642,False
3014588.98305,2696626.69412,False
1778026.38459,2639376.29912,False
3675570.43351,2710705.66841,False
3113280.73799,2696035.46714,False
3496118.97619,2750108.56617,False
3225370.67089,2800044.84302,False
2850101.92318,2778427.10744,False
2093313.94715,2807527.67476,False
1585815.66485,2714338.19343,False
3907077.081,2791243.17478,False
2939389.64222,2795831.43464,False
3071327.06991,2808418.38631,False
2729079.48747,2867861.93225,False
2230365.9338,2814009.51771,False
2862503.86766,2882018.10172,False
2509584.35129,2812928.73516,False
4007782.37148,2870043.24633,False
3371220.64358,2869456.71492,False
3148411.69706,2860765.02885,False
3115580.37732,2936225.51221,False
3124977.30618,2941744.92837,False
2754875.65014,2990587.39164,False
2773828.16408,2945500.27817,False
3914857.53775,2985579.11816,False
2607585.5379,2941152.44625,False
3281851.47072,2943976.48624,False
2531627.97715,2928052.78894,False
2936875.77975,2970230.88057,False
2225477.43422,3002213.96903,False
3524566.50626,2983088.4403,False
3499553.43793,3011096.63008,False
3601881.96803,3037624.37499,False
3624295.18952,3082385.16009,False
1454123.13501,3043573.02015,False
3745989.48009,3087747.30077,False
2528590.61616,3088697.61402,False
3439469.96263,3060281.99357,False
3222396.08544,3052840.76567,False
2455619.86809,3018201.17422,False
3030894.17777,3013966.86424,False
1284462.10358,2921941.10411,False
3692751.57512,2968834.90036,False
2084391.80116,2934363.08221,False
3734499.26359,2925345.16851,False
3225579.46062,2956244.86464,False
1629895.38725,2873647.06047,False
3700055.67774,2932068.4455,False
1295698.35662,2850009.57434,False
2466129.69777,2862042.18752,False
1984787.34515,2785053.22946,False
3215067.20631,2770828.91788,False
2554528.10144,2718461.22455,False
1101173.04023,2592305.11709,False
2938871.20213,2666542.52044,False
1419106.7089,2550198.38189,False
3541277.70742,2600832.73645,False
2568141.64265,2557266.32045,False
2902118.60345,2541252.44635,False
3203957.60238,2578669.33306,False
2118790.94952,2533064.17165,False
2802281.84183,2608955.15856,False
1915263.91101,2520080.77536,False
3833899.83551,2607556.17708,False
1781086.0806,2509885.51793,False
3008792.16825,2499046.15331,False
3125626.73025,2573832.72046,False
2256195.06024,2501639.68958,False
3022677.79634,2587988.66157,False
2713611.80401,2600362.76688,False
3395469.42495,2670896.87087,False
1552805.41908,2587783.78151,False
3133178.21203,2616716.28704,False
2074464.83542,2665380.8768,False
3369287.60633,2686901.69701,False
2984861.60056,2765189.44159,False
2405717.43234,2708411.42784,False
3327920.58502,2746400.37496,False
1254653.85385,2664027.13748,False
65720350.4498,5789846.77985,True
80108560.5615,9689335.26044,True
67906888.3941,12944565.5881,True
80686131.7326,16883108.9791,True
79127424.6676,20647785.2207,True
56166972.4506,23367079.5392,True
80383386.1712,27235809.2394,True
59753302.72,30067193.0389,True
80760589.4373,33992412.7577,True
79312660.4928,37806911.8926,True
75404257.5351,41441444.1791,True
1973884.14229,41370364.915,True
2683967.81351,41426923.0347,True
1558123.52416,41348170.3003,False
3333866.55838,41411140.3865,False
2282931.38488,41356822.5754,False
3622378.62011,41388698.4264,False
1721077.1922,41354466.4143,False
3356680.80825,41355904.4255,False
3139399.38933,41450141.7023,False
1344079.26439,38231328.143,False
3565272.9799,34404163.7639,False
1790794.33023,31098359.0607,False
2938099.31496,27210957.4399,False
1756754.79939,23342423.9464,False
2987893.42557,20683469.9952,False
2938121.42627,16811206.7579,False
2464712.68825,13946777.2564,False
3064823.76359,10061988.9727,False
1473308.6859,6170021.38233,False
3520099.0965,2575813.4604,False
1807679.28952,2567503.21776,False
2802136.0743,2573411.6308,False
2622660.14901,2626638.46205,False
2107648.28977,2565327.54862,False
3189012.80244,2610631.61949,False
1183732.90984,2488699.33398,False
3474600.70729,2576375.50973,False
1201076.77129,2468595.30789,False
3214678.33861,2472359.25535,False
2504964.74613,2530403.52944,False
2889462.73918,2496613.0174,False
2294489.17969,2521797.75987,False
1221716.12066,2435978.60016,False
2618980.22396,2479089.87139,False
1042746.39109,2381832.51966,False
1979163.28489,2333884.61259,False
2004274.51322,2310862.70384,False
3030230.62898,2309133.04711,False
2541135.5733,2362524.39148,False
1565533.23392,2264796.09835,False
3065238.73782,2327674.07077,False
991774.260959,2237155.9801,False
2252342.46624,2218640.09596,False
2439506.39062,2235233.00101,False
2530739.39611,2202319.33069,False
1919609.30444,2239113.15042,False
1470111.17009,2138888.67356,False
1235020.57601,2140585.8638,False
1118311.01539,2035767.49764,False
2138196.8547,2017429.10306,False
2157114.96942,1980811.71458,False
2061624.63728,1969168.48746,False
1799165.9992,1998040.98138,False
1242919.56353,1929237.94836,False
2437818.7958,1998991.5686,False
980170.970402,1949041.95287,False
2120325.76629,1954844.51553,False
1463734.87451,1876519.7278,False
1930913.32993,1846008.61563,False
1477414.05078,1841602.65648,False
1514462.55884,1764063.84753,False
2933365.72662,1861143.42081,False
1461397.6988,1821596.18244,False
1640081.82223,1781624.95402,False
964209.732864,1703298.47086,False
1578721.78087,1686254.09468,False
1427113.33346,1684104.20285,False
1668786.13513,1705792.4808,False
1575597.093,1728656.78468,False
1435707.16446,1693532.30017,False
2317586.87331,1701555.89537,False
686143.963867,1632781.8617,False
1336705.03679,1609658.81358,False
1215033.38945,1608264.50487,False
1910678.21401,1581907.47578,False
1065557.34442,1586176.79448,False
1906055.30648,1575463.27149,False
1876942.08047,1596123.63179,False
936766.209287,1546416.27576,False
1212825.71079,1533186.85876,False
1311288.49212,1523028.15542,False
2034529.55605,1478086.34689,False
816534.055924,1445843.16475,False
2103685.78643,1469023.36296,False
1785530.55649,1510089.40414,False
758961.6791,1469101.39905,False
1719490.50496,1483720.25763,False
829288.1875,1441745.36025,False
1232780.0432,1424604.50776,False
977910.33853,1401714.66646,False
2064705.78667,1389070.61213,False
1915283.99682,1450527.61377,False
1207983.30383,1444091.52713,False
1845207.38679,1475600.22699,False
821973.78373,1421165.00548,False
1879215.86633,1461847.93157,False
871722.63619,1410131.29806,False
2065273.95869,1419547.89197,False
1727184.34605,1459068.79881,False
1856314.46986,1491243.23676,False
1268320.92366,1489094.85834,False
1150521.63847,1444894.46246,False
2370641.78573,1522599.84895,False
844789.431099,1459655.03119,False
2213844.62081,1481070.7344,False
1645527.00406,1525399.00065,False
1770848.75087,1527966.91294,False
677446.198231,1520374.81348,False
1201847.81298,1518828.20197,False
1996810.66313,1569773.2182,False
1015346.07741,1517305.23274,False
1887281.8567,1515905.12573,False
1328946.96242,1521953.30866,False
1937142.92762,1526550.0857,False
1190825.77511,1544992.68527,False
1547822.87711,1528423.03581,False
2222158.4455,1595944.82628,False
1029060.53123,1544134.1549,False
2341732.50028,1574861.56261,False
1264974.96976,1545294.58761,False
1840430.74174,1573900.07851,False
1042399.00378,1568493.94678,False
2231568.66768,1561540.29088,False
1072764.50334,1572939.04449,False
1081117.35576,1516302.68124,False
2548072.29187,1561429.94563,False
1539495.716,1549862.29388,False
1995450.75058,1615762.5215,False
1071953.56946,1609267.80932,False
1746281.69425,1596741.36088,False
2626886.10717,1677318.36237,False
2285379.85615,1697223.26234,False
3089520.54207,1785251.94132,False
941416.955938,1735465.64274,False
2553430.72201,1803595.89008,False
1141618.25736,1783285.6591,False
2583241.48058,1801339.81085,False
2792630.81605,1889518.32509,False
2850623.49466,1914962.87481,False
2766567.35036,1990042.49384,False
1429865.62327,1969514.23792,False
2593710.42931,2047079.80919,False
1584674.81378,2014735.1165,False
2821876.50627,2102190.71664,False
2597069.79064,2177988.33839,False
2124333.04207,2156801.3759,False
2398651.64923,2199759.17256,False
2024062.05885,2201189.73797,False
2471416.72606,2271162.8958,False
2405272.6675,2304112.44446,False
3398241.69272,2342680.22374,False
3189773.48975,2387899.90542,False
2906884.91569,2378768.1241,False
2375620.34652,2450478.29363,False
2939568.64235,2469785.18965,False
2596661.57811,2542537.35569,False
2484036.30254,2537577.09679,False
3353032.24773,2565597.16837,False
2506141.75681,2548373.08148,False
2814675.83391,2550778.50565,False
2577774.00981,2608173.92498,False
2988405.55664,2627908.68135,False
2305721.38132,2663961.00973,False
3438013.16157,2694767.84249,False
2626309.48688,2696229.8273,False
2969680.18799,2738497.1846,False
3391765.71733,2788152.888,False
1657806.19218,2769840.09467,False
2899973.89974,2791267.95335,False
2310934.4099,2786551.04047,False
1798488.74545,2706563.39311,False
3363402.30029,2715244.83364,False
2772280.99124,2708514.63742,False
3254718.64295,2752469.55224,False
1734760.13137,2692229.12669,False
3315656.41572,2728178.86857,False
1971173.49671,2702535.72828,False
3672561.82175,2718512.20698,False
3082022.30061,2747306.23417,False
2126702.05835,2712907.54539,False
3385095.90341,2753273.64007,False
1357468.44262,2671726.78437,False
3188650.95328,2715873.26297,False
2461219.67339,2667033.58856,False
3239774.72651,2697706.85054,False
3183974.45609,2708421.56394,False
1655294.75652,2621598.0159,False
3081924.2543,2692803.91901,False
1668617.11562,2631236.0798,False
3780989.97533,2704738.85808,False
3149135.99016,2772271.22031,False
3304014.29589,2769301.82009,False
3511433.18801,2806259.42993,False
1922275.68094,2739637.28183,False
3564663.6217,2831132.45635,False
1708409.64473,2750770.1178,False
4174320.10571,2860927.44825,False
3274986.82769,2841048.69854,False
3160966.93184,2844995.9301,False
2418533.50247,2859587.50231,False
2189597.17924,2799812.5661,False
3112631.11374,2887570.69966,False
2000808.17031,2828178.56051,False
4295907.51601,2919912.95264,False
2986480.96139,2907248.26438,False
2589203.38851,2877509.71101,False
2689288.87659,2929209.41701,False
2079052.38579,2879065.82358,False
2924866.23312,2941878.27946,False
2750046.92901,2890331.12714,False
3679173.7607,2916833.01567,False
2119259.95917,2857595.29883,False
2991761.75823,2831611.72734,False
3072061.03646,2889100.99512,False
2880587.12499,2854897.17029,False
2843017.74221,2911627.57516,False
2811777.33217,2843500.43648,False
2778088.62358,2818655.52628,False
1462027.78165,2733708.56877,False
3106422.48743,2768103.01801,False
2273888.61227,2772317.58967,False
3775356.35228,2805453.85159,False
2530823.82451,2831954.6343,False
2572605.61104,2745789.53905,False
3116622.17387,2752296.59968,False
1971846.99989,2721428.78025,False
3234815.87312,2748705.13007,False
1819887.92555,2735746.90706,False
3877302.56839,2783368.72383,False
2365132.47206,2764123.00098,False
3357426.68082,2748035.64698,False
2738622.53237,2779003.77564,False
1204556.42185,2689643.50883,False
3054786.01367,2688779.75769,False
1437592.58435,2616630.03065,False
3586710.99026,2653814.69306,False
2192989.15514,2622875.28421,False
3085095.23712,2638225.61488,False
3034370.70809,2716842.7612,False
1353484.86666,2629195.88017,False
2529457.65579,2641974.33234,False
1645969.2231,2535504.97588,False
3745902.68872,2596258.91909,False
1899748.54678,2562616.06588,False
3670806.23916,2590325.26914,False
3121993.17905,2647832.5781,False
1947433.92969,2583463.48093,False
3162213.96072,2650579.78269,False
1520801.78622,2532754.74358,False
3225031.68103,2575749.70403,False
1314328.88902,2473594.81444,False
3137153.95234,2493521.38544,False
1919689.48888,2529278.03879,False
2714707.97185,2512274.1367,False
3371354.04614,2608962.20979,False
1031695.13149,2481211.41685,False
3330740.74744,2538098.99647,False
1231128.41727,2445400.65547,False
2355379.22591,2411451.08136,False
2514023.69848,2469478.02295,False
3380849.14516,2512047.59742,False
2934664.33432,2576482.35298,False
1959008.86906,2487137.662,False
3071115.19456,2545705.99439,False
837876.421572,2404059.50351,False
2939341.44604,2394926.91686,False
3125543.59809,2453832.40028,False
3331423.72446,2462292.88847,False
2679363.0901,2520220.95366,False
2356099.91341,2476774.36528,False
3186833.46652,2570399.59416,False
1093490.4818,2468216.42063,False
2757980.78042,2510130.98521,False
2418869.83512,2495339.07837,False
3302378.0499,2491890.27856,False
2563632.07863,2568487.12591,False
2191824.74707,2511541.3259,False
3025694.58218,2601269.63414,False
1400090.16619,2553505.18116,False
2635418.39869,2559574.91617,False
2329960.53187,2507030.4855,False
2922407.39889,2506417.63873,False
1854537.6905,2501194.0798,False
2608634.51337,2478070.04574,False
2413512.83472,2556851.8664,False
1980179.71703,2508893.77995,False
2846198.80902,2494926.5405,False
1227249.63926,2389717.83624,False
2813802.98364,2396439.83091,False
1640093.18151,2360639.49432,False
2338976.50237,2318246.64611,False
2705079.35188,2398826.08961,False
1795116.13552,2350682.85737,False
1720203.97538,2315749.56438,False
1507747.92168,2226018.05797,False
2263670.0457,2211019.95632,False
1119481.44738,2157402.79134,False
2263622.33432,2119299.17895,False
2407756.24646,2169682.48296,False
1485126.94976,2112167.91051,False
1734908.49045,2082415.30844,False
690045.948256,1970797.23591,False
1905391.83168,1973339.94297,False
1018105.54125,1893813.49436,False
1903853.048,1868330.50503,False
2435836.93289,1891113.36582,False
1619519.2436,1829779.38755,False
1600330.62389,1848433.43678,False
762441.837851,1745865.37949,False
1842007.64845,1755961.10284,False
987180.212188,1688371.28833,False
1690156.6348,1637625.15248,False
1132484.78611,1604493.58501,False
1562233.37114,1596595.05479,False
1495406.78073,1595977.99775,False
997311.115483,1532660.05124,False
1780355.67369,1565703.76255,False
916024.785522,1498323.88511,False
2224752.94922,1489173.72025,False
707901.073888,1450312.42645,False
1595692.27819,1443351.61584,False
1987364.69175,1508217.55302,False
1180742.4688,1471985.08487,False
1535999.62101,1497879.78886,False
1210267.39862,1463200.50639,False
2245410.12209,1453679.16585,False
937919.243599,1419599.16585,False
1924084.2638,1435786.84785,False
1082220.19606,1451775.76576,False
1327003.57386,1426025.56203,False
1264767.68847,1439904.93584,False
819036.075621,1396348.90788,False
2297346.92673,1454592.01491,False
764342.24263,1414697.45849,False
1190615.52829,1399457.89587,False
1166610.49353,1407922.86477,False
1870444.87037,1412427.3246,False
1076086.53329,1420430.41199,False
1003376.01299,1359361.56518,False
2408423.32874,1444387.67792,False
629085.649313,1396057.34648,False
1634196.69959,1378398.94687,False
1377949.46085,1388259.29647,False
1693583.13038,1396138.47194,False
925375.641168,1381893.88407,False
1261630.57004,1332704.90647,False
1920538.34566,1381835.86157,False
615418.152839,1316402.55602,False
1755767.41819,1350079.91713,False
1154051.42451,1341432.30966,False
1734750.22137,1364931.43631,False
725129.855805,1360236.12531,False
1921186.97187,1341428.12757,False
2047461.81312,1405584.1061,False
1148628.852,1403484.77228,False
1690836.10873,1429696.05304,False
897300.25452,1381038.82225,False
1939510.04363,1424209.99777,False
897823.674548,1418932.38084,False
1887488.36662,1392885.63274,False
2288866.49517,1475874.67503,False
909409.217216,1439635.30091,False
1690305.60618,1455253.10818,False
886188.908499,1414883.39708,False
1177094.04285,1427469.31717,False
981122.52583,1413443.91496,False
2133833.14468,1424108.65491,False
2041263.89784,1495400.94216,False
1371417.84366,1476183.46343,False
1020530.1737,1469507.40089,False
942056.36008,1429872.70783,False
1609967.76309,1474114.60319,False
2007270.34812,1478418.772,False
2227781.29867,1487434.74628,False
2512867.28833,1555646.6681,False
1539860.22406,1548097.87386,False
1592846.87582,1582875.20493,False
1200621.01722,1545930.75361,False
1524296.4821,1577254.39399,False
2387081.26411,1602234.03886,False
2285954.12527,1602088.42037,False
1444070.67926,1628821.49347,False
2367089.4398,1662660.68515,False
1534615.51792,1695082.01562,False
1626807.32941,1717567.67995,False
2089949.1478,1773009.01105,False
2438676.92193,1788251.19991,False
2250413.83435,1798708.69674,False
2294141.53872,1844844.88149,False
2550608.82849,1921348.81423,False
1785903.94132,1963541.19329,False
1830694.35491,1974577.52288,False
1631958.16417,1955811.91368,False
2641147.11922,1976480.20471,False
2303567.3364,1966015.20711,False
2319672.07286,2005005.79955,False
2744321.54106,2062579.53282,False
1285386.54772,2066817.80934,False
2949719.39492,2138088.95498,False
1931801.57924,2115324.97074,False
3198786.14546,2160966.57175,False
2934134.28367,2235469.75197,False
1616013.92102,2197915.97603,False
3400832.63522,2291226.83189,False
1539876.57027,2286880.29394,False
3373419.06711,2351053.7899,False
2426891.79376,2350464.53349,False
2885304.69536,2382209.07655,False
2479487.57183,2391476.3782,False
1721914.88809,2350041.68118,False
2639881.76411,2392740.57232,False
1331731.4452,2367792.42683,False
2841118.67336,2428250.45229,False
2702181.86524,2431302.1896,False
2833314.68329,2457789.55694,False
3085289.88953,2496070.44777,False
1299711.68443,2423839.95494,False
2966893.91839,2507915.32348,False
1737021.19637,2447280.41355,False
3650518.01598,2533216.23539,False
2846997.82341,2515626.81928,False
2822291.37313,2510034.67376,False
1907712.50227,2524619.60282,False
2234405.53094,2466298.2476,False
2879333.01763,2533271.06997,False
2332062.96029,2481203.26463,False
3466614.49416,2533189.39965,False
2931860.67731,2535517.19875,False
2613408.78281,2542213.2593,False
2203640.40776,2566299.53528,False
2521427.63039,2560376.82859,False
2687184.25183,2628149.46893,False
2408352.95417,2606511.18297,False
3032838.20191,2623043.9998,False
2829261.87982,2622841.35963,False
3125154.74015,2624834.60216,False
2732952.99432,2696496.66765,False
2565106.79324,2676407.31139,False
2457399.38883,2712426.22102,False
2586639.42085,2659232.29126,False
3534057.92101,2693585.29614,False
2952791.42497,2700110.29873,False
3271196.01288,2768284.47426,False
2543891.38552,2783758.76699,False
2742825.9049,2776933.41136,False
2122821.05761,2766471.31622,False
2555342.14793,2720907.69891,False
3002965.84256,2724462.95717,False
2473529.13783,2717468.97493,False
3498192.53201,2782196.58114,False
1858998.28955,2749075.1141,False
2986365.80253,2764034.19163,False
2260800.50688,2756656.56927,False
2977112.41862,2753870.2801,False
3077372.89863,2766275.83104,False
1613272.56107,2690681.72209,False
2815287.92662,2694798.4687,False
1297111.54154,2631398.70612,False
3435764.07147,2680316.94025,False
2246490.71744,2663309.50508,False
2489298.54686,2611071.53637,False
3023690.24821,2614616.47753,False
1497732.19597,2525943.28669,False
1957257.11418,2496611.57312,False
1707138.59361,2444827.20756,False
3300387.21683,2503705.51552,False
2347319.06303,2493304.36127,False
2882837.2394,2487297.93111,False
2928822.68975,2510062.60871,False
1096895.77655,2389997.77094,False
3156980.03057,2454896.85799,False
1535837.05426,2382370.42057,False
3171556.7898,2427908.23472,False
2381115.85821,2398108.4067,False
3331131.58971,2410796.34125,False
2293289.45122,2444797.18576,False
1060279.22356,2357046.75061,False
2932447.64419,2438813.55574,False
1487246.0601,2341387.65517,False
3315762.2811,2394851.23335,False
2006301.22052,2370701.36704,False
2834134.56376,2361223.58282,False
2799508.66205,2426312.40612,False
1801305.22676,2418514.81175,False
2861875.00766,2476251.63245,False
1282546.32972,2375359.5881,False
3679231.20936,2441955.19541,False
1493373.86574,2372482.02673,False
2793223.59769,2365702.07213,False
2510109.51492,2436362.75904,False
2363055.18966,2396666.517,False
2870697.14501,2463409.52154,False
1915777.34097,2400620.5491,False
2942952.24201,2428712.36829,False
1046516.00355,2314481.58898,False
2565697.47323,2328101.99008,False
2707966.20645,2410486.33922,False
3093911.28092,2418559.52106,False
1941794.72706,2441286.95441,False
2165468.17866,2383772.24929,False
3023872.81789,2434650.82915,False
1121420.76102,2349015.13902,False
2687313.3898,2343405.3754,False
2331115.77703,2369895.90292,False
1984233.57553,2326013.83131,False
2602325.53787,2392002.79172,False
1924616.59143,2304272.06082,False
3155153.16081,2387361.02558,False
1594686.55569,2327434.17348,False
2688474.41413,2336352.41844,False
2189985.21424,2327698.91967,False
2587462.20418,2313537.17262,False
2329026.59114,2334199.63513,False
2766976.58318,2325400.85219,False
2760160.65877,2411083.08495,False
1182732.40408,2341934.83149,False
2921136.3048,2352593.33641,False
2641852.13188,2329990.37896,False
3255322.18844,2395666.75203,False
1909537.93601,2382870.2399,False
2634661.84058,2363409.69103,False
2884852.4053,2451581.27324,False
2382450.37694,2436338.1226,False
2667629.82653,2453163.82508,False
1855809.08684,2446742.60064,False
3341541.74276,2483703.41089,False
1574157.71579,2466180.4671,False
1945118.79219,2405678.74867,False
2593660.4084,2455627.44131,False
1913040.04872,2416855.72304,False
2349958.26693,2424854.37567,False
1184876.05794,2354725.06836,False
2766576.80332,2376602.57897,False
1525753.46631,2314541.42313,False
2206603.43222,2286863.5618,False
1487525.34886,2302103.20904,False
1381588.703,2225125.82895,False
2160695.08506,2201067.97661,False
1101208.21949,2093362.27816,False
1884107.96314,2092090.77952,False
1307687.16512,2025742.04574,False
2189793.0856,1990989.07976,False
2099733.46048,1976853.23394,False
1560617.37397,1921502.61131,False
1845915.74146,1921007.94404,False
912863.349168,1799574.02436,False
1915491.27547,1816640.70234,False
1046009.75658,1771685.25056,False
1768327.13455,1730418.58687,False
2178682.08158,1743700.68851,False
1774539.46307,1714929.74832,False
1363056.04077,1723838.74746,False
732852.680115,1622152.5413,False
2000553.94204,1645892.56509,False
808143.005669,1575969.54376,False
1670140.12398,1585100.28252,False
1926690.11477,1612355.3531,False
1804032.23799,1594522.21075,False
1491150.64258,1614019.3319,False
754590.170421,1557543.44227,False
1714561.35763,1577887.15189,False
766986.061135,1506746.80067,False
1892882.90684,1496404.27299,False
1924664.23303,1514606.61594,False
1559369.29721,1500279.29373,False
1209017.36603,1515086.99457,False
973024.539425,1467963.65777,False
1165038.01434,1473915.07066,False
733621.903535,1422179.80911,False
1973136.98011,1411902.55403,False
1368357.64435,1391593.4631,False
1857392.40961,1416310.28154,False
1306077.98651,1444971.54686,False
1062644.17099,1398076.05831,False
1084864.32839,1411912.12444,False
758870.452318,1366348.64086,False
2031904.43912,1371609.35708,False
670611.072558,1314938.29881,False
1767151.38085,1328738.33572,False
1354740.02889,1358745.82864,False
1086965.19172,1327366.02035,False
863881.00098,1332210.76734,False
1282963.10874,1301714.77744,False
1853202.15136,1298141.67335,False
696959.688061,1255021.19289,False
1046803.16624,1246910.4829,False
975601.831489,1247039.34751,False
1630814.41019,1270328.1673,False
592548.628761,1263274.50356,False
1266648.96481,1227950.1028,False
2049740.46478,1262019.24382,False
609350.093829,1199617.12803,False
1077790.63841,1188202.76062,False
693219.638486,1169731.534,False
1638901.00184,1197433.36767,False
783344.006297,1198657.04537,False
1579600.27,1176041.83691,False
1677155.71347,1226369.06896,False
890711.240645,1182547.06195,False
1406762.89158,1185148.20508,False
836556.148333,1172627.75291,False
1493801.65167,1204123.78545,False
813067.300675,1180628.99505,False
1494996.18548,1162718.69675,False
1765042.57985,1216122.84134,False
846784.557404,1206121.9109,False
1344749.18744,1224579.2787,False
611613.715482,1173619.24396,False
1641466.27161,1226065.1261,False
818239.478249,1203644.65178,False
1665726.5035,1184443.95371,False
1775921.02689,1242772.50036,False
1162938.16674,1247029.87678,False
1167124.72002,1270725.13086,False
897918.423741,1233676.00195,False
1274103.97537,1258214.00041,False
918957.030821,1225181.83845,False
1682246.35431,1225436.37049,False
1622866.57512,1262044.13721,False
1482244.04397,1265818.19483,False
1256909.1564,1286835.84524,False
1200323.3585,1272161.93058,False
1227894.25282,1292903.27818,False
1336805.2891,1284993.73337,False
1799752.19514,1286729.21413,False
1508634.1331,1319821.69292,False
2025297.61538,1353849.11431,False
845956.326969,1365566.24489,False
1487823.24198,1357884.09341,False
1587151.28683,1396329.68383,False
1372971.2928,1381691.9233,False
1760721.67216,1380931.95556,False
1502769.60432,1397923.52744,False
1601624.73427,1419648.52815,False
845913.86645,1417048.30029,False
1518768.80058,1429281.54155,False
1693902.06017,1468028.79302,False
2005847.50533,1484208.85057,False
2136619.58954,1509896.50129,False
1287299.93363,1500149.29577,False
2314359.3376,1553021.80483,False
931077.879246,1539559.53087,False
2514401.82072,1603884.90926,False
2111856.32746,1642637.46118,False
1908137.62306,1648056.73258,False
2524455.9322,1698847.82253,False
1236550.09688,1659410.44661,False
2282935.20232,1731259.39038,False
1094933.45269,1711614.90091,False
2931271.05472,1778820.88931,False
1975934.07146,1808969.02824,False
2436612.58912,1842763.57409,False
2135928.54555,1874421.52115,False
1283498.97572,1858515.23322,False
2210723.3107,1926755.70543,False
1015517.78964,1901593.15489,False
3119805.65272,1972888.33451,False
2594687.30471,2002330.32448,False
2457666.57979,2018382.674,False
2115268.45326,2059781.09998,False
1726080.61153,2030367.16367,False
2662964.68788,2116961.50411,False
1626054.53519,2072544.13983,False
2855166.83106,2109709.66501,False
2549534.90612,2141779.52916,False
2301097.97581,2130611.63134,False
2718985.26225,2204733.38961,False
1751913.58761,2178182.30888,False
1885877.45237,2217729.50886,False
1799986.83352,2161165.2978,False
3104497.23111,2217593.45578,False
1985863.63334,2195056.00799,False
2647392.90044,2220629.22574,False
2474468.43584,2280177.69874,False
1810956.07222,2260189.33682,False
2493741.5991,2334100.52729,False
2072170.73905,2281718.78161,False
2933695.38103,2298669.18543,False
2637919.97549,2307681.85521,False
2331267.47807,2318481.80645,False
2132685.45192,2338812.04847,False
2752885.4007,2343308.08411,False
2163482.45741,2370179.48022,False
2160495.88955,2335445.93315,False
3054317.06144,2360685.04091,False
2669510.76217,2379105.68023,False
2718649.01222,2379088.86773,False
1430340.64999,2363010.22085,False
2599596.68309,2398696.18239,False
2045348.70796,2410964.27611,False
2688629.89729,2390170.90942,False
3036249.6701,2442690.21126,False
1847535.14824,2402697.32364,False
3130303.43389,2435489.07355,False
1383276.53089,2414105.09648,False
2621817.87894,2420508.91047,False
1862435.55871,2410022.15146,False
2882784.78943,2407476.62188,False
2712982.6442,2411229.75531,False
1613479.29649,2375340.34623,False
2827607.4998,2410086.44863,False
988025.078516,2321843.43252,False
2546938.99332,2341016.25931,False
1361899.47523,2301086.4386,False
2823085.46678,2289524.85886,False
2427796.78397,2277439.15995,False
1406292.5766,2211821.33817,False
2640107.81913,2272309.69663,False
1174652.3137,2201062.47816,False
1544159.20728,2176003.00313,False
2287847.10649,2155963.86358,False
2850848.77665,2146693.81891,False
2620008.19027,2185317.47101,False
1026837.93602,2080144.19612,False
2437282.71034,2132844.50509,False
1144475.88586,2058977.40544,False
2841159.74524,2107913.61477,False
2229027.25058,2075225.73782,False
2580046.98124,2068578.95467,False
2551850.45771,2115497.51274,False
1298535.78461,2039043.92698,False
2177626.1124,2098523.97867,False
1547621.21021,2048558.08952,False
2913468.48376,2126136.53994,False
1842790.66628,2077121.79992,False
2396218.88025,2075542.90473,False
2581401.89606,2134298.3707,False
1758632.2567,2090224.59258,False
2478342.37446,2155409.09562,False
1853158.51931,2170859.06122,False
2767637.0641,2194848.5591,False
1165557.5898,2110583.99976,False
2305535.77114,2094860.3788,False
2427792.91721,2164908.12786,False
2060430.26453,2146065.50557,False
1880191.47409,2182851.28499,False
2112295.23188,2146408.05932,False
2833228.09514,2176618.10155,False
895145.419149,2092373.02344,False
2636281.1922,2096594.56017,False
1982753.45053,2130805.44346,False
2634891.70496,2153668.72309,False
2086979.69103,2180636.64713,False
2298000.84266,2149863.26507,False
2062599.93205,2160853.72836,False
1115421.77593,2096813.87315,False
2944705.57701,2114979.05719,False
1917162.93519,2122905.59112,False
3152729.9577,2156624.97028,False
2045479.74012,2166241.03132,False
1911475.60391,2123432.95831,False
2451258.87831,2187718.02274,False
926406.88619,2118761.57849,False
2195074.89933,2107125.6776,False
1479891.59833,2078098.74429,False
3154764.65423,2141827.40329,False
1564749.49092,2114450.11624,False
2472007.32623,2096389.0778,False
2466586.37495,2174961.12559,False
1384717.3734,2112382.93465,False
2302534.61348,2128371.9928,False
1512813.48194,2072268.08164,False
2212571.24937,2078547.65956,False
1575953.63933,2042445.2994,False
2545256.1401,2066578.1098,False
2181514.18367,2119882.73018,False
2091248.28623,2077209.86565,False
2561946.96407,2109449.06709,False
1343072.87641,2018966.21302,False
2710974.68365,2052240.9602,False
1076543.91591,2010494.3758,False
2704751.95844,2023169.02981,False
2155622.37922,2084629.80446,False
2633602.5014,2106556.18456,False
2406747.87323,2152898.99831,False
798106.781717,2035066.10468,False
2108171.5915,2062237.20971,False
858506.236087,1981562.1552,False
2399664.80508,1978216.07671,False
1846859.56517,2001323.1863,False
2312981.03748,2001845.5075,False
2169873.27433,2034698.49712,False
1005614.51189,1974350.66025,False
2114388.83108,2001272.41983,False
746382.14311,1911328.71998,False
1892403.61524,1896873.19156,False
1992203.07066,1891920.93078,False
2115776.52162,1869612.40866,False
1821205.48497,1893519.03909,False
1367077.06423,1826324.15812,False
1903405.12576,1867667.21861,False
782734.998294,1771566.3706,False
1785471.5598,1753058.82963,False
1188105.75942,1680783.99253,False
1836835.29413,1652288.36358,False
1380134.60479,1681389.75473,False
1051146.84795,1628538.51755,False
1138681.62719,1642547.28711,False
1135330.60586,1579330.57715,False
1477284.98326,1560851.84805,False
1503066.76301,1520356.13433,False
1861430.66162,1504934.00369,False
998444.951868,1504575.52569,False
927092.465585,1445210.70742,False
1889977.30277,1502390.4654,False
973107.731428,1456425.67121,False
1838294.62031,1448730.24869,False
771579.864378,1381520.41583,False
1361387.36758,1358529.50996,False
1204705.8631,1350410.9499,False
1459753.95169,1328228.3912,False
1907136.3095,1384448.45676,False
977110.056746,1344030.38161,False
1714539.35079,1370352.06118,False
605561.199248,1308788.35643,False
1175933.66581,1298578.30948,False
1338567.97456,1312949.36582,False
1283601.52843,1320195.36088,False
1476018.48212,1337229.75469,False
1487407.17871,1337735.86446,False
1587727.76883,1341968.91475,False
847097.915049,1291252.27743,False
1400716.9308,1311365.87637,False
985546.655478,1314288.58587,False
1290971.04882,1284338.27317,False
1164940.94485,1293929.93384,False
1291130.30755,1266571.7182,False
1659903.99003,1310987.92448,False
609207.009206,1273378.90657,False
1291081.07443,1277697.66713,False
839585.371693,1246689.23813,False
1610164.09655,1231840.62749,False
887325.986596,1227351.42398,False
1719114.12249,1227580.16256,False
1677178.03498,1281161.00435,False
858524.908214,1265290.56647,False
1551779.41001,1275951.13824,False
842474.822184,1253894.80293,False
988116.707774,1229499.71421,False
947266.320465,1202492.6713,False
1312179.77411,1188715.27156,False
1453812.77376,1219051.0145,False
1090338.93604,1203532.11476,False
925962.489354,1200552.90645,False
634988.859,1167753.79696,False
1916869.4796,1205350.2237,False
565055.255898,1169046.47112,False
1629731.53862,1167537.84855,False
1238363.86249,1198995.69121,False
1096165.47535,1189249.91126,False
867367.798098,1190639.03258,False
869078.008402,1153584.72817,False
2147394.89936,1216588.17381,False
1351820.59693,1198223.49753,False
1695353.17296,1199132.25443,False
1081263.65785,1210269.19191,False
1202572.89778,1192808.8663,False
705039.613265,1185937.10585,False
1292493.48326,1201155.94463,False
1701701.2326,1238877.69024,False
592772.84704,1202907.34388,False
1625948.06113,1211514.10825,False
1006499.66515,1207322.14471,False
1301755.85069,1226111.81277,False
974322.906928,1243078.51517,False
1300997.77635,1212284.93001,False
1446305.40814,1256347.43762,False
699201.964392,1209820.95891,False
1831056.82861,1239455.60721,False
771576.643191,1223226.16561,False
1314371.2327,1245576.33734,False
814384.578671,1242841.66585,False
1175807.02205,1194262.27198,False
1058793.81618,1179610.93295,False
1634673.54337,1176576.95147,False
1858391.12379,1215433.32476,False
658442.966243,1188226.82819,False
1487110.6718,1227330.38111,False
752298.201012,1200320.617,False
1428195.54571,1186645.33266,False
1966446.49083,1255329.01485,False
1695584.95294,1258810.85944,False
1580451.27814,1287508.44009,False
1294772.86507,1287159.29081,False
1424173.7355,1309651.83223,False
1227326.79755,1305968.28329,False
2351106.85296,1351208.35554,False
1628337.20414,1397665.11752,False
1618224.01149,1387023.47667,False
2169715.2579,1456930.4074,False
2062118.23161,1494317.75735,False
1838693.90151,1545533.22349,False
1174572.33787,1545471.48928,False
2434490.51908,1614256.32443,False
2237229.59941,1644384.12723,False
2063791.75537,1654654.15881,False
1977381.47219,1720601.0841,False
2039179.73649,1748204.53734,False
1695427.09245,1795360.98191,False
1966688.32746,1822285.621,False
2465290.40243,1847227.81658,False
2620143.15604,1893455.72673,False
2479795.87136,1938422.95639,False
1433845.41224,1945376.58375,False
2431455.11963,1995740.65296,False
2094001.41177,2039074.38367,False
2274228.23435,2035230.45274,False
2755606.72527,2091593.9288,False
1787047.65741,2100035.11109,False
2603450.86693,2121721.89154,False
1204223.96277,2078827.1781,False
2369934.00589,2105389.18332,False
2090693.40616,2151195.23673,False
2884653.93457,2173703.40751,False
1816542.34273,2152669.04467,False
1551511.23511,2127055.01866,False
2849606.41704,2170666.2659,False
1716031.8629,2154508.87222,False
2683853.36365,2203930.18578,False
1704167.99433,2190804.16913,False
1803890.63859,2157734.18094,False
2256259.51362,2139539.99882,False
2039441.277,2117522.2691,False
2855632.40042,2188611.61851,False
1244176.54829,2129247.68994,False
2701954.06573,2159645.32264,False
1244418.71167,2108154.8465,False
2847153.27187,2112732.17383,False
2467198.0055,2146739.69124,False
1776670.01082,2105400.64843,False
2897271.61581,2190053.03108,False
1435153.33071,2143313.99733,False
2903508.66556,2183954.7603,False
1778353.9964,2128639.76339,False
2611637.75745,2168394.53412,False
2187568.36601,2200197.39067,False
976109.642958,2106522.55196,False
2445168.44584,2142979.38111,False
1065551.36315,2062064.28109,False
2703011.07273,2112006.43501,False
2089722.76211,2126298.04118,False
2646715.59381,2145820.84519,False
2186136.35544,2153155.59911,False
1225671.16835,2071657.53751,False
2784497.51802,2148673.586,False
945609.544165,2060856.35992,False
2681485.68262,2132709.70847,False
2376163.25187,2109160.20747,False
2394251.34896,2105512.87464,False
2218191.20174,2127588.93419,False
1191553.49279,2042303.02803,False
2256145.29969,2083352.62648,False
941102.265776,1985232.30649,False
3149641.49988,2053796.68167,False
2331480.12955,2039788.80027,False
1864387.57131,2023629.76054,False
2553159.5666,2102482.25672,False
1696029.34955,2065025.3019,False
2191808.79528,2121338.17351,False
1529182.59281,2062646.74951,False
3198267.97525,2118074.01017,False
1520796.68177,2061778.06457,False
2566263.64707,2080784.42915,False
2468846.51562,2142943.19652,False
1773869.15235,2092411.77823,False
73690159.0155,5729639.2518,True
79130021.9446,9552066.0649,True
76025826.1792,13234549.2113,True
79874013.9122,17108537.3394,True
46289517.2472,19312103.6417,True
80776124.1552,23291332.1748,True
79212470.6846,27139148.4441,True
50419641.9713,29613075.4293,True
80280212.3,33469603.9693,True
76336461.0419,37169853.015,True
80104173.1624,41081842.2945,True
6050723.47904,41256720.4901,True
1879785.78111,41265908.3117,True
2399736.58651,41276304.7013,False
2359004.7944,41317795.8114,False
2254186.87035,41270591.7561,False
2694434.59129,41329273.6516,False
1053362.52058,41253628.5953,False
2262373.57289,41243304.9481,False
1508620.23684,41230042.5024,False
2406706.11025,37665869.8571,False
2167336.57107,33817735.5884,False
2402920.50101,30136590.3045,False
2336754.81569,26259727.3497,False
782636.230474,23984383.2988,False
2294604.27097,20060307.3046,False
2144710.49165,16206919.295,False
2821514.05028,13827012.8989,False
2032463.86515,9914625.47719,False
2294489.39874,6212526.89503,False
2088556.64132,2311746.06898,False
877597.906006,2053089.79033,False
2580430.05036,2088122.00379,False
2197577.71282,2078014.06011,False
2962051.60288,2108166.40053,False
1726123.8925,2081763.25164,False
2334954.43516,2063789.24383,False
1267505.51369,2074496.39349,False
955372.498805,2009146.33978,False
2697932.64592,2068611.96024,False
2174467.35866,2057000.02266,False
2819173.50007,2089591.86911,False
1587112.25773,2048801.45694,False
1461356.31079,2005031.5317,False
2229763.41634,2077387.89099,False
1083134.98385,2016814.42664,False
2586503.57069,2038904.08059,False
1627040.6945,1979180.4128,False
2578511.4723,2006482.79316,False
1642161.11112,1973866.37878,False
1931061.0989,1965991.60165,False
1781876.93919,2011205.55331,False
1920367.38961,1978202.42028,False
2622484.17512,1999447.74339,False
1320537.42971,1917372.03473,False
2748457.90161,1968488.73519,False
1759296.27056,1939705.82696,False
2149777.6706,1983819.4348,False
1702460.76563,2021173.84814,False
2034025.49991,1987978.49084,False
2427450.78539,2000627.66218,False
1316069.36374,1925472.45536,False
2670066.71095,1979620.17802,False
1229224.60067,1968013.59252,False
2396932.99012,1976372.07121,False
2039844.05664,2024207.52485,False
1638831.93629,1976823.94313,False
2214579.42522,2006200.87966,False
988927.947702,1926721.70343,False
2276783.51449,1958452.8236,False
809812.151696,1902390.37624,False
205301.501877,1823561.60438,False
